Linux 6.8.0-136-generic (testf) 	2026-07-26 	_x86_64_	(1 CPU)

04:48:06          tps     rkB/s     wkB/s     dkB/s   areq-sz    aqu-sz     await     %util DEV
04:48:16         0.00      0.00      0.00      0.00      0.00      0.00      0.00      0.00 loop0
04:48:16         0.30      0.00      6.00      0.00     20.00      0.00      0.67      0.02 sda
04:48:16         0.00      0.00      0.00      0.00      0.00      0.00      0.00      0.00 sda1
04:48:16         0.30      0.00      6.00      0.00     20.00      0.00      0.67      0.02 sda2
04:48:26         0.00      0.00      0.00      0.00      0.00      0.00      0.00      0.00 loop0
04:48:26         0.30      0.00      2.80      0.00      9.33      0.00      1.00      0.02 sda
04:48:26         0.00      0.00      0.00      0.00      0.00      0.00      0.00      0.00 sda1
04:48:26         0.30      0.00      2.80      0.00      9.33      0.00      1.00      0.02 sda2
04:48:36         0.00      0.00      0.00      0.00      0.00      0.00      0.00      0.00 loop0
04:48:36         1.10      0.00      5.60      0.00      5.09      0.00      0.64      0.01 sda
04:48:36         0.00      0.00      0.00      0.00      0.00      0.00      0.00      0.00 sda1
04:48:36         1.10      0.00      5.60      0.00      5.09      0.00      0.64      0.01 sda2
04:48:46         0.00      0.00      0.00      0.00      0.00      0.00      0.00      0.00 loop0
04:48:46         0.20      0.00      1.20      0.00      6.00      0.00      1.00      0.02 sda
04:48:46         0.00      0.00      0.00      0.00      0.00      0.00      0.00      0.00 sda1
04:48:46         0.20      0.00      1.20      0.00      6.00      0.00      1.00      0.02 sda2
04:48:56         0.00      0.00      0.00      0.00      0.00      0.00      0.00      0.00 loop0
04:48:56         0.20      0.00      1.20      0.00      6.00      0.00      1.00      0.02 sda
04:48:56         0.00      0.00      0.00      0.00      0.00      0.00      0.00      0.00 sda1
04:48:56         0.20      0.00      1.20      0.00      6.00      0.00      1.00      0.02 sda2
04:49:06         0.00      0.00      0.00      0.00      0.00      0.00      0.00      0.00 loop0
04:49:06         0.30      0.00      3.60      0.00     12.00      0.00      0.67      0.02 sda
04:49:06         0.00      0.00      0.00      0.00      0.00      0.00      0.00      0.00 sda1
04:49:06         0.30      0.00      3.60      0.00     12.00      0.00      0.67      0.02 sda2
04:49:16         0.00      0.00      0.00      0.00      0.00      0.00      0.00      0.00 loop0
04:49:16         0.50      0.00      2.40      0.00      4.80      0.00      1.00      0.02 sda
04:49:16         0.00      0.00      0.00      0.00      0.00      0.00      0.00      0.00 sda1
04:49:16         0.50      0.00      2.40      0.00      4.80      0.00      1.00      0.02 sda2
04:49:26         0.00      0.00      0.00      0.00      0.00      0.00      0.00      0.00 loop0
04:49:26         0.20      0.00      1.60      0.00      8.00      0.00      1.00      0.02 sda
04:49:26         0.00      0.00      0.00      0.00      0.00      0.00      0.00      0.00 sda1
04:49:26         0.20      0.00      1.60      0.00      8.00      0.00      1.00      0.02 sda2
04:49:36         0.00      0.00      0.00      0.00      0.00      0.00      0.00      0.00 loop0
04:49:36         0.20      0.00      1.20      0.00      6.00      0.00      1.50      0.02 sda
04:49:36         0.00      0.00      0.00      0.00      0.00      0.00      0.00      0.00 sda1
04:49:36         0.20      0.00      1.20      0.00      6.00      0.00      1.50      0.02 sda2
04:49:46         0.00      0.00      0.00      0.00      0.00      0.00      0.00      0.00 loop0
04:49:46         0.30      0.00      4.00      0.00     13.33      0.00      1.00      0.03 sda
04:49:46         0.00      0.00      0.00      0.00      0.00      0.00      0.00      0.00 sda1
04:49:46         0.30      0.00      4.00      0.00     13.33      0.00      1.00      0.03 sda2
04:49:56         0.00      0.00      0.00      0.00      0.00      0.00      0.00      0.00 loop0
04:49:56         0.50      0.00      2.40      0.00      4.80      0.00      1.20      0.03 sda
04:49:56         0.00      0.00      0.00      0.00      0.00      0.00      0.00      0.00 sda1
04:49:56         0.50      0.00      2.40      0.00      4.80      0.00      1.20      0.03 sda2
04:50:06         0.00      0.00      0.00      0.00      0.00      0.00      0.00      0.00 loop0
04:50:06         0.50      0.00      2.80      0.00      5.60      0.00      0.80      0.04 sda
04:50:06         0.00      0.00      0.00      0.00      0.00      0.00      0.00      0.00 sda1
04:50:06         0.50      0.00      2.80      0.00      5.60      0.00      0.80      0.04 sda2
04:50:16         0.00      0.00      0.00      0.00      0.00      0.00      0.00      0.00 loop0
04:50:16         3.20      0.00     22.00      0.00      6.88      0.00      0.91      0.10 sda
04:50:16         0.00      0.00      0.00      0.00      0.00      0.00      0.00      0.00 sda1
04:50:16         3.20      0.00     22.00      0.00      6.88      0.00      0.91      0.10 sda2
04:50:26         0.00      0.00      0.00      0.00      0.00      0.00      0.00      0.00 loop0
04:50:26         0.90      0.00      6.40      0.00      7.11      0.00      0.67      0.03 sda
04:50:26         0.00      0.00      0.00      0.00      0.00      0.00      0.00      0.00 sda1
04:50:26         0.90      0.00      6.40      0.00      7.11      0.00      0.67      0.03 sda2
04:50:36         0.00      0.00      0.00      0.00      0.00      0.00      0.00      0.00 loop0
04:50:36         0.20      0.00      1.60      0.00      8.00      0.00      1.50      0.02 sda
04:50:36         0.00      0.00      0.00      0.00      0.00      0.00      0.00      0.00 sda1
04:50:36         0.20      0.00      1.60      0.00      8.00      0.00      1.50      0.02 sda2
04:50:46         0.00      0.00      0.00      0.00      0.00      0.00      0.00      0.00 loop0
04:50:46         0.20      0.00      1.20      0.00      6.00      0.00      0.50      0.02 sda
04:50:46         0.00      0.00      0.00      0.00      0.00      0.00      0.00      0.00 sda1
04:50:46         0.20      0.00      1.20      0.00      6.00      0.00      0.50      0.02 sda2
04:50:56         0.00      0.00      0.00      0.00      0.00      0.00      0.00      0.00 loop0
04:50:56         0.20      0.00      1.20      0.00      6.00      0.00      1.00      0.01 sda
04:50:56         0.00      0.00      0.00      0.00      0.00      0.00      0.00      0.00 sda1
04:50:56         0.20      0.00      1.20      0.00      6.00      0.00      1.00      0.01 sda2
04:51:06         0.00      0.00      0.00      0.00      0.00      0.00      0.00      0.00 loop0
04:51:06         0.50      0.00      4.40      0.00      8.80      0.00      1.00      0.02 sda
04:51:06         0.00      0.00      0.00      0.00      0.00      0.00      0.00      0.00 sda1
04:51:06         0.50      0.00      4.40      0.00      8.80      0.00      1.00      0.02 sda2
04:51:16         0.00      0.00      0.00      0.00      0.00      0.00      0.00      0.00 loop0
04:51:16         0.20      0.00      1.20      0.00      6.00      0.00      1.50      0.03 sda
04:51:16         0.00      0.00      0.00      0.00      0.00      0.00      0.00      0.00 sda1
04:51:16         0.20      0.00      1.20      0.00      6.00      0.00      1.50      0.03 sda2
04:51:26         0.00      0.00      0.00      0.00      0.00      0.00      0.00      0.00 loop0
04:51:26         0.20      0.00      1.20      0.00      6.00      0.00      1.00      0.02 sda
04:51:26         0.00      0.00      0.00      0.00      0.00      0.00      0.00      0.00 sda1
04:51:26         0.20      0.00      1.20      0.00      6.00      0.00      1.00      0.02 sda2
04:51:36         0.00      0.00      0.00      0.00      0.00      0.00      0.00      0.00 loop0
04:51:36         0.50      0.00      2.40      0.00      4.80      0.00      0.60      0.02 sda
04:51:36         0.00      0.00      0.00      0.00      0.00      0.00      0.00      0.00 sda1
04:51:36         0.50      0.00      2.40      0.00      4.80      0.00      0.60      0.02 sda2
04:51:46         0.00      0.00      0.00      0.00      0.00      0.00      0.00      0.00 loop0
04:51:46         0.30      0.00      4.40      0.00     14.67      0.00      0.67      0.02 sda
04:51:46         0.00      0.00      0.00      0.00      0.00      0.00      0.00      0.00 sda1
04:51:46         0.30      0.00      4.40      0.00     14.67      0.00      0.67      0.02 sda2
04:51:56         0.00      0.00      0.00      0.00      0.00      0.00      0.00      0.00 loop0
04:51:56         0.20      0.00      1.20      0.00      6.00      0.00      1.50      0.02 sda
04:51:56         0.00      0.00      0.00      0.00      0.00      0.00      0.00      0.00 sda1
04:51:56         0.20      0.00      1.20      0.00      6.00      0.00      1.50      0.02 sda2
04:52:06         0.00      0.00      0.00      0.00      0.00      0.00      0.00      0.00 loop0
04:52:06         0.20      0.00      1.20      0.00      6.00      0.00      1.00      0.03 sda
04:52:06         0.00      0.00      0.00      0.00      0.00      0.00      0.00      0.00 sda1
04:52:06         0.20      0.00      1.20      0.00      6.00      0.00      1.00      0.03 sda2
04:52:16         0.00      0.00      0.00      0.00      0.00      0.00      0.00      0.00 loop0
04:52:16         0.50      0.00      2.40      0.00      4.80      0.00      0.60      0.02 sda
04:52:16         0.00      0.00      0.00      0.00      0.00      0.00      0.00      0.00 sda1
04:52:16         0.50      0.00      2.40      0.00      4.80      0.00      0.60      0.02 sda2
04:52:26         0.00      0.00      0.00      0.00      0.00      0.00      0.00      0.00 loop0
04:52:26         0.30      0.00      3.60      0.00     12.00      0.00      1.00      0.02 sda
04:52:26         0.00      0.00      0.00      0.00      0.00      0.00      0.00      0.00 sda1
04:52:26         0.30      0.00      3.60      0.00     12.00      0.00      1.00      0.02 sda2
04:52:36         0.00      0.00      0.00      0.00      0.00      0.00      0.00      0.00 loop0
04:52:36         0.20      0.00      1.20      0.00      6.00      0.00      2.50      0.04 sda
04:52:36         0.00      0.00      0.00      0.00      0.00      0.00      0.00      0.00 sda1
04:52:36         0.20      0.00      1.20      0.00      6.00      0.00      2.50      0.04 sda2
04:52:46         0.00      0.00      0.00      0.00      0.00      0.00      0.00      0.00 loop0
04:52:46         0.50      0.00      2.40      0.00      4.80      0.00      1.00      0.03 sda
04:52:46         0.00      0.00      0.00      0.00      0.00      0.00      0.00      0.00 sda1
04:52:46         0.50      0.00      2.40      0.00      4.80      0.00      1.00      0.03 sda2
04:52:56         0.00      0.00      0.00      0.00      0.00      0.00      0.00      0.00 loop0
04:52:56         0.20      0.00      1.60      0.00      8.00      0.00      3.50      0.07 sda
04:52:56         0.00      0.00      0.00      0.00      0.00      0.00      0.00      0.00 sda1
04:52:56         0.20      0.00      1.60      0.00      8.00      0.00      3.50      0.07 sda2
04:53:06         0.00      0.00      0.00      0.00      0.00      0.00      0.00      0.00 loop0
04:53:06         0.30      0.00      4.00      0.00     13.33      0.00      1.33      0.03 sda
04:53:06         0.00      0.00      0.00      0.00      0.00      0.00      0.00      0.00 sda1
04:53:06         0.30      0.00      4.00      0.00     13.33      0.00      1.33      0.03 sda2
04:53:16         0.00      0.00      0.00      0.00      0.00      0.00      0.00      0.00 loop0
04:53:16         0.20      0.00      1.20      0.00      6.00      0.00      2.50      0.04 sda
04:53:16         0.00      0.00      0.00      0.00      0.00      0.00      0.00      0.00 sda1
04:53:16         0.20      0.00      1.20      0.00      6.00      0.00      2.50      0.04 sda2
04:53:26         0.00      0.00      0.00      0.00      0.00      0.00      0.00      0.00 loop0
04:53:26         0.50      0.00      2.40      0.00      4.80      0.00      0.60      0.01 sda
04:53:26         0.00      0.00      0.00      0.00      0.00      0.00      0.00      0.00 sda1
04:53:26         0.50      0.00      2.40      0.00      4.80      0.00      0.60      0.01 sda2
04:53:36         0.00      0.00      0.00      0.00      0.00      0.00      0.00      0.00 loop0
04:53:36         0.20      0.00      1.20      0.00      6.00      0.00      1.50      0.03 sda
04:53:36         0.00      0.00      0.00      0.00      0.00      0.00      0.00      0.00 sda1
04:53:36         0.20      0.00      1.20      0.00      6.00      0.00      1.50      0.03 sda2
04:53:46         0.00      0.00      0.00      0.00      0.00      0.00      0.00      0.00 loop0
04:53:46         0.30      0.00      3.60      0.00     12.00      0.00      1.00      0.03 sda
04:53:46         0.00      0.00      0.00      0.00      0.00      0.00      0.00      0.00 sda1
04:53:46         0.30      0.00      3.60      0.00     12.00      0.00      1.00      0.03 sda2
04:53:56         0.00      0.00      0.00      0.00      0.00      0.00      0.00      0.00 loop0
04:53:56        45.90   3209.60     63.20      0.00     71.30      0.03      0.57      2.88 sda
04:53:56         0.00      0.00      0.00      0.00      0.00      0.00      0.00      0.00 sda1
04:53:56        45.90   3209.60     63.20      0.00     71.30      0.03      0.57      2.94 sda2
04:54:06         0.00      0.00      0.00      0.00      0.00      0.00      0.00      0.00 loop0
04:54:06        17.40    240.40   1777.20      0.00    115.95      0.04      1.93      1.12 sda
04:54:06         0.00      0.00      0.00      0.00      0.00      0.00      0.00      0.00 sda1
04:54:06        17.40    240.40   1777.20      0.00    115.95      0.03      1.93      1.14 sda2
04:54:16         0.00      0.00      0.00      0.00      0.00      0.00      0.00      0.00 loop0
04:54:16         0.20      0.00      1.20      0.00      6.00      0.00      1.00      0.01 sda
04:54:16         0.00      0.00      0.00      0.00      0.00      0.00      0.00      0.00 sda1
04:54:16         0.20      0.00      1.20      0.00      6.00      0.00      1.00      0.01 sda2
04:54:26         0.00      0.00      0.00      0.00      0.00      0.00      0.00      0.00 loop0
04:54:26         0.50      0.00      4.80      0.00      9.60      0.00      0.80      0.03 sda
04:54:26         0.00      0.00      0.00      0.00      0.00      0.00      0.00      0.00 sda1
04:54:26         0.50      0.00      4.80      0.00      9.60      0.00      0.80      0.03 sda2
04:54:36         0.00      0.00      0.00      0.00      0.00      0.00      0.00      0.00 loop0
04:54:36         0.90      0.00      4.80      0.00      5.33      0.00      1.00      0.03 sda
04:54:36         0.00      0.00      0.00      0.00      0.00      0.00      0.00      0.00 sda1
04:54:36         0.90      0.00      4.80      0.00      5.33      0.00      1.00      0.03 sda2
04:54:46         0.00      0.00      0.00      0.00      0.00      0.00      0.00      0.00 loop0
04:54:46         0.20      0.00      1.20      0.00      6.00      0.00      1.00      0.02 sda
04:54:46         0.00      0.00      0.00      0.00      0.00      0.00      0.00      0.00 sda1
04:54:46         0.20      0.00      1.20      0.00      6.00      0.00      1.00      0.02 sda2
04:54:56         0.00      0.00      0.00      0.00      0.00      0.00      0.00      0.00 loop0
04:54:56         0.30      0.00      4.00      0.00     13.33      0.00      1.00      0.03 sda
04:54:56         0.00      0.00      0.00      0.00      0.00      0.00      0.00      0.00 sda1
04:54:56         0.30      0.00      4.00      0.00     13.33      0.00      1.00      0.03 sda2
04:55:06         0.00      0.00      0.00      0.00      0.00      0.00      0.00      0.00 loop0
04:55:06         3.60      0.00     23.20      0.00      6.44      0.01      2.14      0.18 sda
04:55:06         0.00      0.00      0.00      0.00      0.00      0.00      0.00      0.00 sda1
04:55:06         3.60      0.00     23.20      0.00      6.44      0.01      2.14      0.18 sda2
04:55:16         0.00      0.00      0.00      0.00      0.00      0.00      0.00      0.00 loop0
04:55:16         1.30      0.00      5.60      0.00      4.31      0.00      1.08      0.04 sda
04:55:16         0.00      0.00      0.00      0.00      0.00      0.00      0.00      0.00 sda1
04:55:16         1.30      0.00      5.60      0.00      4.31      0.00      1.08      0.04 sda2
04:55:26         0.00      0.00      0.00      0.00      0.00      0.00      0.00      0.00 loop0
04:55:26         0.30      0.00      3.60      0.00     12.00      0.00      1.00      0.03 sda
04:55:26         0.00      0.00      0.00      0.00      0.00      0.00      0.00      0.00 sda1
04:55:26         0.30      0.00      3.60      0.00     12.00      0.00      1.00      0.03 sda2
04:55:36         0.00      0.00      0.00      0.00      0.00      0.00      0.00      0.00 loop0
04:55:36         0.20      0.00      1.20      0.00      6.00      0.00      1.00      0.02 sda
04:55:36         0.00      0.00      0.00      0.00      0.00      0.00      0.00      0.00 sda1
04:55:36         0.20      0.00      1.20      0.00      6.00      0.00      1.00      0.02 sda2
04:55:46         0.00      0.00      0.00      0.00      0.00      0.00      0.00      0.00 loop0
04:55:46         0.20      0.00      1.20      0.00      6.00      0.00      1.00      0.02 sda
04:55:46         0.00      0.00      0.00      0.00      0.00      0.00      0.00      0.00 sda1
04:55:46         0.20      0.00      1.20      0.00      6.00      0.00      1.00      0.02 sda2
04:55:56         0.00      0.00      0.00      0.00      0.00      0.00      0.00      0.00 loop0
04:55:56         0.60      0.00      5.20      0.00      8.67      0.00      0.50      0.01 sda
04:55:56         0.00      0.00      0.00      0.00      0.00      0.00      0.00      0.00 sda1
04:55:56         0.60      0.00      5.20      0.00      8.67      0.00      0.50      0.01 sda2
04:56:06         0.00      0.00      0.00      0.00      0.00      0.00      0.00      0.00 loop0
04:56:06         0.20      0.00      1.20      0.00      6.00      0.00      2.50      0.04 sda
04:56:06         0.00      0.00      0.00      0.00      0.00      0.00      0.00      0.00 sda1
04:56:06         0.20      0.00      1.20      0.00      6.00      0.00      2.50      0.04 sda2
04:56:16         0.00      0.00      0.00      0.00      0.00      0.00      0.00      0.00 loop0
04:56:16         0.20      0.00      1.20      0.00      6.00      0.00      1.50      0.02 sda
04:56:16         0.00      0.00      0.00      0.00      0.00      0.00      0.00      0.00 sda1
04:56:16         0.20      0.00      1.20      0.00      6.00      0.00      1.50      0.02 sda2
04:56:26         0.00      0.00      0.00      0.00      0.00      0.00      0.00      0.00 loop0
04:56:26         0.30      0.00      4.40      0.00     14.67      0.00      1.00      0.03 sda
04:56:26         0.00      0.00      0.00      0.00      0.00      0.00      0.00      0.00 sda1
04:56:26         0.30      0.00      4.40      0.00     14.67      0.00      1.00      0.03 sda2
04:56:36         0.00      0.00      0.00      0.00      0.00      0.00      0.00      0.00 loop0
04:56:36         0.60      0.00      2.80      0.00      4.67      0.00      0.67      0.02 sda
04:56:36         0.00      0.00      0.00      0.00      0.00      0.00      0.00      0.00 sda1
04:56:36         0.60      0.00      2.80      0.00      4.67      0.00      0.67      0.02 sda2
04:56:46         0.00      0.00      0.00      0.00      0.00      0.00      0.00      0.00 loop0
04:56:46         0.20      0.00      1.20      0.00      6.00      0.00      1.00      0.02 sda
04:56:46         0.00      0.00      0.00      0.00      0.00      0.00      0.00      0.00 sda1
04:56:46         0.20      0.00      1.20      0.00      6.00      0.00      1.00      0.02 sda2
04:56:56         0.00      0.00      0.00      0.00      0.00      0.00      0.00      0.00 loop0
04:56:56         0.30      0.00      3.60      0.00     12.00      0.00      1.67      0.02 sda
04:56:56         0.00      0.00      0.00      0.00      0.00      0.00      0.00      0.00 sda1
04:56:56         0.30      0.00      3.60      0.00     12.00      0.00      1.67      0.02 sda2
04:57:06         0.00      0.00      0.00      0.00      0.00      0.00      0.00      0.00 loop0
04:57:06         0.20      0.00      1.20      0.00      6.00      0.00      1.00      0.01 sda
04:57:06         0.00      0.00      0.00      0.00      0.00      0.00      0.00      0.00 sda1
04:57:06         0.20      0.00      1.20      0.00      6.00      0.00      1.00      0.01 sda2
04:57:16         0.00      0.00      0.00      0.00      0.00      0.00      0.00      0.00 loop0
04:57:16         0.50      0.00      2.40      0.00      4.80      0.00      0.60      0.02 sda
04:57:16         0.00      0.00      0.00      0.00      0.00      0.00      0.00      0.00 sda1
04:57:16         0.50      0.00      2.40      0.00      4.80      0.00      0.60      0.02 sda2
04:57:26         0.00      0.00      0.00      0.00      0.00      0.00      0.00      0.00 loop0
04:57:26         0.30      0.00      4.00      0.00     13.33      0.00      1.00      0.02 sda
04:57:26         0.00      0.00      0.00      0.00      0.00      0.00      0.00      0.00 sda1
04:57:26         0.30      0.00      4.00      0.00     13.33      0.00      1.00      0.02 sda2
04:57:36         0.00      0.00      0.00      0.00      0.00      0.00      0.00      0.00 loop0
04:57:36         0.20      0.00      2.80      0.00     14.00      0.00      2.00      0.04 sda
04:57:36         0.00      0.00      0.00      0.00      0.00      0.00      0.00      0.00 sda1
04:57:36         0.20      0.00      2.80      0.00     14.00      0.00      2.00      0.04 sda2
04:57:46         0.00      0.00      0.00      0.00      0.00      0.00      0.00      0.00 loop0
04:57:46         0.20      0.00      1.20      0.00      6.00      0.00      2.50      0.03 sda
04:57:46         0.00      0.00      0.00      0.00      0.00      0.00      0.00      0.00 sda1
04:57:46         0.20      0.00      1.20      0.00      6.00      0.00      2.50      0.03 sda2
04:57:56         0.00      0.00      0.00      0.00      0.00      0.00      0.00      0.00 loop0
04:57:56         0.30      0.00      2.80      0.00      9.33      0.00      1.00      0.03 sda
04:57:56         0.00      0.00      0.00      0.00      0.00      0.00      0.00      0.00 sda1
04:57:56         0.30      0.00      2.80      0.00      9.33      0.00      1.00      0.03 sda2
04:58:06         0.00      0.00      0.00      0.00      0.00      0.00      0.00      0.00 loop0
04:58:06         0.60      0.00      4.00      0.00      6.67      0.00      0.83      0.03 sda
04:58:06         0.00      0.00      0.00      0.00      0.00      0.00      0.00      0.00 sda1
04:58:06         0.60      0.00      4.00      0.00      6.67      0.00      0.83      0.03 sda2
04:58:16         0.00      0.00      0.00      0.00      0.00      0.00      0.00      0.00 loop0
04:58:16         0.20      0.00      1.20      0.00      6.00      0.00      1.00      0.03 sda
04:58:16         0.00      0.00      0.00      0.00      0.00      0.00      0.00      0.00 sda1
04:58:16         0.20      0.00      1.20      0.00      6.00      0.00      1.00      0.03 sda2
04:58:26         0.00      0.00      0.00      0.00      0.00      0.00      0.00      0.00 loop0
04:58:26         0.30      0.00      2.40      0.00      8.00      0.00      0.67      0.01 sda
04:58:26         0.00      0.00      0.00      0.00      0.00      0.00      0.00      0.00 sda1
04:58:26         0.30      0.00      2.40      0.00      8.00      0.00      0.67      0.01 sda2
04:58:36         0.00      0.00      0.00      0.00      0.00      0.00      0.00      0.00 loop0
04:58:36         0.20      0.00      2.40      0.00     12.00      0.00      1.00      0.02 sda
04:58:36         0.00      0.00      0.00      0.00      0.00      0.00      0.00      0.00 sda1
04:58:36         0.20      0.00      2.40      0.00     12.00      0.00      1.00      0.02 sda2
04:58:46         0.00      0.00      0.00      0.00      0.00      0.00      0.00      0.00 loop0
04:58:46         0.60      0.00      3.20      0.00      5.33      0.00      0.67      0.02 sda
04:58:46         0.00      0.00      0.00      0.00      0.00      0.00      0.00      0.00 sda1
04:58:46         0.60      0.00      3.20      0.00      5.33      0.00      0.67      0.02 sda2
04:58:56         0.00      0.00      0.00      0.00      0.00      0.00      0.00      0.00 loop0
04:58:56         0.30      0.00      2.80      0.00      9.33      0.00      0.67      0.01 sda
04:58:56         0.00      0.00      0.00      0.00      0.00      0.00      0.00      0.00 sda1
04:58:56         0.30      0.00      2.80      0.00      9.33      0.00      0.67      0.01 sda2
04:59:06         0.00      0.00      0.00      0.00      0.00      0.00      0.00      0.00 loop0
04:59:06         3.50     31.60     24.40      0.00     16.00      0.00      0.69      0.15 sda
04:59:06         0.00      0.00      0.00      0.00      0.00      0.00      0.00      0.00 sda1
04:59:06         3.50     31.60     24.40      0.00     16.00      0.00      0.69      0.15 sda2
04:59:16         0.00      0.00      0.00      0.00      0.00      0.00      0.00      0.00 loop0
04:59:16         0.20      0.00      1.20      0.00      6.00      0.00      1.00      0.02 sda
04:59:16         0.00      0.00      0.00      0.00      0.00      0.00      0.00      0.00 sda1
04:59:16         0.20      0.00      1.20      0.00      6.00      0.00      1.00      0.02 sda2
04:59:26         0.00      0.00      0.00      0.00      0.00      0.00      0.00      0.00 loop0
04:59:26         1.80      0.00      9.60      0.00      5.33      0.00      1.78      0.05 sda
04:59:26         0.00      0.00      0.00      0.00      0.00      0.00      0.00      0.00 sda1
04:59:26         1.80      0.00      9.60      0.00      5.33      0.00      1.78      0.05 sda2
04:59:36         0.00      0.00      0.00      0.00      0.00      0.00      0.00      0.00 loop0
04:59:36         0.20      0.00      2.40      0.00     12.00      0.00      1.50      0.02 sda
04:59:36         0.00      0.00      0.00      0.00      0.00      0.00      0.00      0.00 sda1
04:59:36         0.20      0.00      2.40      0.00     12.00      0.00      1.50      0.02 sda2
04:59:46         0.00      0.00      0.00      0.00      0.00      0.00      0.00      0.00 loop0
04:59:46         0.20      0.00      1.20      0.00      6.00      0.00      2.50      0.05 sda
04:59:46         0.00      0.00      0.00      0.00      0.00      0.00      0.00      0.00 sda1
04:59:46         0.20      0.00      1.20      0.00      6.00      0.00      2.50      0.05 sda2
04:59:56         0.00      0.00      0.00      0.00      0.00      0.00      0.00      0.00 loop0
04:59:56         0.30      0.00      3.20      0.00     10.67      0.00      0.67      0.02 sda
04:59:56         0.00      0.00      0.00      0.00      0.00      0.00      0.00      0.00 sda1
04:59:56         0.30      0.00      3.20      0.00     10.67      0.00      0.67      0.02 sda2
05:00:06         0.00      0.00      0.00      0.00      0.00      0.00      0.00      0.00 loop0
05:00:06         0.30      0.00      2.80      0.00      9.33      0.00      1.33      0.03 sda
05:00:06         0.00      0.00      0.00      0.00      0.00      0.00      0.00      0.00 sda1
05:00:06         0.30      0.00      2.80      0.00      9.33      0.00      1.33      0.03 sda2
05:00:16         0.00      0.00      0.00      0.00      0.00      0.00      0.00      0.00 loop0
05:00:16         1.20      0.00     23.60      0.00     19.67      0.00      1.08      0.13 sda
05:00:16         0.00      0.00      0.00      0.00      0.00      0.00      0.00      0.00 sda1
05:00:16         1.20      0.00     23.60      0.00     19.67      0.00      1.08      0.13 sda2
05:00:26         0.00      0.00      0.00      0.00      0.00      0.00      0.00      0.00 loop0
05:00:26         0.50      0.00      4.40      0.00      8.80      0.00      0.60      0.02 sda
05:00:26         0.00      0.00      0.00      0.00      0.00      0.00      0.00      0.00 sda1
05:00:26         0.50      0.00      4.40      0.00      8.80      0.00      0.60      0.02 sda2
05:00:36         0.00      0.00      0.00      0.00      0.00      0.00      0.00      0.00 loop0
05:00:36         2.00      0.00     12.40      0.00      6.20      0.00      1.15      0.04 sda
05:00:36         0.00      0.00      0.00      0.00      0.00      0.00      0.00      0.00 sda1
05:00:36         2.00      0.00     12.40      0.00      6.20      0.00      1.15      0.04 sda2
05:00:46         0.00      0.00      0.00      0.00      0.00      0.00      0.00      0.00 loop0
05:00:46         4.70      0.00     28.80      0.00      6.13      0.00      0.98      0.10 sda
05:00:46         0.00      0.00      0.00      0.00      0.00      0.00      0.00      0.00 sda1
05:00:46         4.70      0.00     28.80      0.00      6.13      0.00      0.98      0.10 sda2
05:00:56         0.00      0.00      0.00      0.00      0.00      0.00      0.00      0.00 loop0
05:00:56         0.20      0.00      1.60      0.00      8.00      0.00      2.00      0.03 sda
05:00:56         0.00      0.00      0.00      0.00      0.00      0.00      0.00      0.00 sda1
05:00:56         0.20      0.00      1.60      0.00      8.00      0.00      2.00      0.03 sda2
05:01:06         0.00      0.00      0.00      0.00      0.00      0.00      0.00      0.00 loop0
05:01:06         0.80      0.00      6.80      0.00      8.50      0.00      1.88      0.06 sda
05:01:06         0.00      0.00      0.00      0.00      0.00      0.00      0.00      0.00 sda1
05:01:06         0.80      0.00      6.80      0.00      8.50      0.00      1.88      0.06 sda2
05:01:16         0.00      0.00      0.00      0.00      0.00      0.00      0.00      0.00 loop0
05:01:16         0.20      0.00      1.20      0.00      6.00      0.00      2.00      0.04 sda
05:01:16         0.00      0.00      0.00      0.00      0.00      0.00      0.00      0.00 sda1
05:01:16         0.20      0.00      1.20      0.00      6.00      0.00      2.00      0.04 sda2
05:01:26         0.00      0.00      0.00      0.00      0.00      0.00      0.00      0.00 loop0
05:01:26         0.20      0.00      1.20      0.00      6.00      0.00      1.50      0.03 sda
05:01:26         0.00      0.00      0.00      0.00      0.00      0.00      0.00      0.00 sda1
05:01:26         0.20      0.00      1.20      0.00      6.00      0.00      1.50      0.03 sda2
05:01:36         0.00      0.00      0.00      0.00      0.00      0.00      0.00      0.00 loop0
05:01:36         0.30      0.00      3.60      0.00     12.00      0.00      1.00      0.02 sda
05:01:36         0.00      0.00      0.00      0.00      0.00      0.00      0.00      0.00 sda1
05:01:36         0.30      0.00      3.60      0.00     12.00      0.00      1.00      0.02 sda2
05:01:46         0.00      0.00      0.00      0.00      0.00      0.00      0.00      0.00 loop0
05:01:46         0.50      0.00      2.40      0.00      4.80      0.00      0.60      0.02 sda
05:01:46         0.00      0.00      0.00      0.00      0.00      0.00      0.00      0.00 sda1
05:01:46         0.50      0.00      2.40      0.00      4.80      0.00      0.60      0.02 sda2
05:01:56         0.00      0.00      0.00      0.00      0.00      0.00      0.00      0.00 loop0
05:01:56         0.20      0.00      1.20      0.00      6.00      0.00      1.00      0.02 sda
05:01:56         0.00      0.00      0.00      0.00      0.00      0.00      0.00      0.00 sda1
05:01:56         0.20      0.00      1.20      0.00      6.00      0.00      1.00      0.02 sda2
05:02:06         0.00      0.00      0.00      0.00      0.00      0.00      0.00      0.00 loop0
05:02:06         0.30      0.00      4.00      0.00     13.33      0.00      1.00      0.02 sda
05:02:06         0.00      0.00      0.00      0.00      0.00      0.00      0.00      0.00 sda1
05:02:06         0.30      0.00      4.00      0.00     13.33      0.00      1.00      0.02 sda2
05:02:16         0.00      0.00      0.00      0.00      0.00      0.00      0.00      0.00 loop0
05:02:16         0.20      0.00      1.60      0.00      8.00      0.00      1.00      0.01 sda
05:02:16         0.00      0.00      0.00      0.00      0.00      0.00      0.00      0.00 sda1
05:02:16         0.20      0.00      1.60      0.00      8.00      0.00      1.00      0.01 sda2
05:02:26         0.00      0.00      0.00      0.00      0.00      0.00      0.00      0.00 loop0
05:02:26         0.60      0.00      2.80      0.00      4.67      0.00      0.67      0.01 sda
05:02:26         0.00      0.00      0.00      0.00      0.00      0.00      0.00      0.00 sda1
05:02:26         0.60      0.00      2.80      0.00      4.67      0.00      0.67      0.01 sda2
05:02:36         0.00      0.00      0.00      0.00      0.00      0.00      0.00      0.00 loop0
05:02:36         0.30      0.00      4.00      0.00     13.33      0.00      1.00      0.02 sda
05:02:36         0.00      0.00      0.00      0.00      0.00      0.00      0.00      0.00 sda1
05:02:36         0.30      0.00      4.00      0.00     13.33      0.00      1.00      0.02 sda2
05:02:46         0.00      0.00      0.00      0.00      0.00      0.00      0.00      0.00 loop0
05:02:46         0.20      0.00      1.20      0.00      6.00      0.00      1.00      0.02 sda
05:02:46         0.00      0.00      0.00      0.00      0.00      0.00      0.00      0.00 sda1
05:02:46         0.20      0.00      1.20      0.00      6.00      0.00      1.00      0.02 sda2
05:02:56         0.00      0.00      0.00      0.00      0.00      0.00      0.00      0.00 loop0
05:02:56         0.20      0.00      1.20      0.00      6.00      0.00      1.00      0.01 sda
05:02:56         0.00      0.00      0.00      0.00      0.00      0.00      0.00      0.00 sda1
05:02:56         0.20      0.00      1.20      0.00      6.00      0.00      1.00      0.01 sda2
05:03:06         0.00      0.00      0.00      0.00      0.00      0.00      0.00      0.00 loop0
05:03:06         0.60      0.00      5.20      0.00      8.67      0.00      0.67      0.02 sda
05:03:06         0.00      0.00      0.00      0.00      0.00      0.00      0.00      0.00 sda1
05:03:06         0.60      0.00      5.20      0.00      8.67      0.00      0.67      0.02 sda2
05:03:16         0.00      0.00      0.00      0.00      0.00      0.00      0.00      0.00 loop0
05:03:16         0.20      0.00      1.20      0.00      6.00      0.00      1.00      0.01 sda
05:03:16         0.00      0.00      0.00      0.00      0.00      0.00      0.00      0.00 sda1
05:03:16         0.20      0.00      1.20      0.00      6.00      0.00      1.00      0.01 sda2
05:03:26         0.00      0.00      0.00      0.00      0.00      0.00      0.00      0.00 loop0
05:03:26         0.20      0.00      1.60      0.00      8.00      0.00      1.00      0.01 sda
05:03:26         0.00      0.00      0.00      0.00      0.00      0.00      0.00      0.00 sda1
05:03:26         0.20      0.00      1.60      0.00      8.00      0.00      1.00      0.01 sda2
05:03:36         0.00      0.00      0.00      0.00      0.00      0.00      0.00      0.00 loop0
05:03:36         0.30      0.00      3.60      0.00     12.00      0.00      1.00      0.02 sda
05:03:36         0.00      0.00      0.00      0.00      0.00      0.00      0.00      0.00 sda1
05:03:36         0.30      0.00      3.60      0.00     12.00      0.00      1.00      0.02 sda2
05:03:46         0.00      0.00      0.00      0.00      0.00      0.00      0.00      0.00 loop0
05:03:46         0.60      0.00      2.80      0.00      4.67      0.00      0.67      0.01 sda
05:03:46         0.00      0.00      0.00      0.00      0.00      0.00      0.00      0.00 sda1
05:03:46         0.60      0.00      2.80      0.00      4.67      0.00      0.67      0.01 sda2
05:03:56         0.00      0.00      0.00      0.00      0.00      0.00      0.00      0.00 loop0
05:03:56         2.20      0.00     32.80      0.00     14.91      0.00      1.05      0.21 sda
05:03:56         0.00      0.00      0.00      0.00      0.00      0.00      0.00      0.00 sda1
05:03:56         2.20      0.00     32.80      0.00     14.91      0.00      1.05      0.21 sda2
05:04:06         0.00      0.00      0.00      0.00      0.00      0.00      0.00      0.00 loop0
05:04:06         0.50      0.00      3.60      0.00      7.20      0.00      0.60      0.01 sda
05:04:06         0.00      0.00      0.00      0.00      0.00      0.00      0.00      0.00 sda1
05:04:06         0.50      0.00      3.60      0.00      7.20      0.00      0.60      0.01 sda2
05:04:16         0.00      0.00      0.00      0.00      0.00      0.00      0.00      0.00 loop0
05:04:16         0.20      0.00      2.40      0.00     12.00      0.00      2.00      0.04 sda
05:04:16         0.00      0.00      0.00      0.00      0.00      0.00      0.00      0.00 sda1
05:04:16         0.20      0.00      2.40      0.00     12.00      0.00      2.00      0.04 sda2
05:04:26         0.00      0.00      0.00      0.00      0.00      0.00      0.00      0.00 loop0
05:04:26         1.30      0.00      7.20      0.00      5.54      0.00      1.38      0.05 sda
05:04:26         0.00      0.00      0.00      0.00      0.00      0.00      0.00      0.00 sda1
05:04:26         1.30      0.00      7.20      0.00      5.54      0.00      1.38      0.05 sda2
05:04:36         0.00      0.00      0.00      0.00      0.00      0.00      0.00      0.00 loop0
05:04:36         0.40      0.00      3.60      0.00      9.00      0.00      0.75      0.02 sda
05:04:36         0.00      0.00      0.00      0.00      0.00      0.00      0.00      0.00 sda1
05:04:36         0.40      0.00      3.60      0.00      9.00      0.00      0.75      0.02 sda2
05:04:46         0.00      0.00      0.00      0.00      0.00      0.00      0.00      0.00 loop0
05:04:46         0.50      0.00      3.60      0.00      7.20      0.00      0.60      0.02 sda
05:04:46         0.00      0.00      0.00      0.00      0.00      0.00      0.00      0.00 sda1
05:04:46         0.50      0.00      3.60      0.00      7.20      0.00      0.60      0.02 sda2
05:04:56         0.00      0.00      0.00      0.00      0.00      0.00      0.00      0.00 loop0
05:04:56         0.20      0.00      1.20      0.00      6.00      0.00      1.50      0.03 sda
05:04:56         0.00      0.00      0.00      0.00      0.00      0.00      0.00      0.00 sda1
05:04:56         0.20      0.00      1.20      0.00      6.00      0.00      1.50      0.03 sda2
05:05:06         0.00      0.00      0.00      0.00      0.00      0.00      0.00      0.00 loop0
05:05:06         0.40      0.00      5.20      0.00     13.00      0.00      1.00      0.05 sda
05:05:06         0.00      0.00      0.00      0.00      0.00      0.00      0.00      0.00 sda1
05:05:06         0.40      0.00      5.20      0.00     13.00      0.00      1.00      0.05 sda2
05:05:16         0.00      0.00      0.00      0.00      0.00      0.00      0.00      0.00 loop0
05:05:16         3.80      0.00     24.80      0.00      6.53      0.00      0.74      0.10 sda
05:05:16         0.00      0.00      0.00      0.00      0.00      0.00      0.00      0.00 sda1
05:05:16         3.80      0.00     24.80      0.00      6.53      0.00      0.74      0.10 sda2
05:05:26         0.00      0.00      0.00      0.00      0.00      0.00      0.00      0.00 loop0
05:05:26         0.30      0.00      8.40      0.00     28.00      0.00      1.33      0.02 sda
05:05:26         0.00      0.00      0.00      0.00      0.00      0.00      0.00      0.00 sda1
05:05:26         0.30      0.00      8.40      0.00     28.00      0.00      1.33      0.02 sda2
05:05:36         0.00      0.00      0.00      0.00      0.00      0.00      0.00      0.00 loop0
05:05:36         3.30      0.00     20.40      0.00      6.18      0.00      0.94      0.07 sda
05:05:36         0.00      0.00      0.00      0.00      0.00      0.00      0.00      0.00 sda1
05:05:36         3.30      0.00     20.40      0.00      6.18      0.00      0.94      0.07 sda2
05:05:46         0.00      0.00      0.00      0.00      0.00      0.00      0.00      0.00 loop0
05:05:46         0.60      0.00      4.40      0.00      7.33      0.00      0.50      0.02 sda
05:05:46         0.00      0.00      0.00      0.00      0.00      0.00      0.00      0.00 sda1
05:05:46         0.60      0.00      4.40      0.00      7.33      0.00      0.50      0.02 sda2
05:05:56         0.00      0.00      0.00      0.00      0.00      0.00      0.00      0.00 loop0
05:05:56         0.20      0.00      1.20      0.00      6.00      0.00      1.50      0.02 sda
05:05:56         0.00      0.00      0.00      0.00      0.00      0.00      0.00      0.00 sda1
05:05:56         0.20      0.00      1.20      0.00      6.00      0.00      1.50      0.02 sda2
05:06:06         0.00      0.00      0.00      0.00      0.00      0.00      0.00      0.00 loop0
05:06:06         0.30      0.00      2.80      0.00      9.33      0.00      1.67      0.05 sda
05:06:06         0.00      0.00      0.00      0.00      0.00      0.00      0.00      0.00 sda1
05:06:06         0.30      0.00      2.80      0.00      9.33      0.00      1.67      0.05 sda2
05:06:16         0.00      0.00      0.00      0.00      0.00      0.00      0.00      0.00 loop0
05:06:16         0.50      0.00      3.60      0.00      7.20      0.00      1.00      0.02 sda
05:06:16         0.00      0.00      0.00      0.00      0.00      0.00      0.00      0.00 sda1
05:06:16         0.50      0.00      3.60      0.00      7.20      0.00      1.00      0.02 sda2
05:06:26         0.00      0.00      0.00      0.00      0.00      0.00      0.00      0.00 loop0
05:06:26         0.20      0.00      1.20      0.00      6.00      0.00      1.00      0.02 sda
05:06:26         0.00      0.00      0.00      0.00      0.00      0.00      0.00      0.00 sda1
05:06:26         0.20      0.00      1.20      0.00      6.00      0.00      1.00      0.02 sda2
05:06:36         0.00      0.00      0.00      0.00      0.00      0.00      0.00      0.00 loop0
05:06:36         0.30      0.00      2.40      0.00      8.00      0.00      1.00      0.02 sda
05:06:36         0.00      0.00      0.00      0.00      0.00      0.00      0.00      0.00 sda1
05:06:36         0.30      0.00      2.40      0.00      8.00      0.00      1.00      0.02 sda2
05:06:46         0.00      0.00      0.00      0.00      0.00      0.00      0.00      0.00 loop0
05:06:46         0.50      0.00      3.60      0.00      7.20      0.00      1.00      0.04 sda
05:06:46         0.00      0.00      0.00      0.00      0.00      0.00      0.00      0.00 sda1
05:06:46         0.50      0.00      3.60      0.00      7.20      0.00      1.00      0.04 sda2
05:06:56         0.00      0.00      0.00      0.00      0.00      0.00      0.00      0.00 loop0
05:06:56         0.40      0.00      2.40      0.00      6.00      0.00      0.75      0.02 sda
05:06:56         0.00      0.00      0.00      0.00      0.00      0.00      0.00      0.00 sda1
05:06:56         0.40      0.00      2.40      0.00      6.00      0.00      0.75      0.02 sda2
05:07:06         0.00      0.00      0.00      0.00      0.00      0.00      0.00      0.00 loop0
05:07:06         0.30      0.00      2.80      0.00      9.33      0.00      0.67      0.02 sda
05:07:06         0.00      0.00      0.00      0.00      0.00      0.00      0.00      0.00 sda1
05:07:06         0.30      0.00      2.80      0.00      9.33      0.00      0.67      0.02 sda2
05:07:16         0.00      0.00      0.00      0.00      0.00      0.00      0.00      0.00 loop0
05:07:16         0.50      0.00      3.60      0.00      7.20      0.00      1.00      0.03 sda
05:07:16         0.00      0.00      0.00      0.00      0.00      0.00      0.00      0.00 sda1
05:07:16         0.50      0.00      3.60      0.00      7.20      0.00      1.00      0.03 sda2
05:07:26         0.00      0.00      0.00      0.00      0.00      0.00      0.00      0.00 loop0
05:07:26         0.20      0.00      1.20      0.00      6.00      0.00      1.00      0.02 sda
05:07:26         0.00      0.00      0.00      0.00      0.00      0.00      0.00      0.00 sda1
05:07:26         0.20      0.00      1.20      0.00      6.00      0.00      1.00      0.02 sda2
05:07:36         0.00      0.00      0.00      0.00      0.00      0.00      0.00      0.00 loop0
05:07:36         0.30      0.00      2.80      0.00      9.33      0.00      1.67      0.03 sda
05:07:36         0.00      0.00      0.00      0.00      0.00      0.00      0.00      0.00 sda1
05:07:36         0.30      0.00      2.80      0.00      9.33      0.00      1.67      0.03 sda2
05:07:46         0.00      0.00      0.00      0.00      0.00      0.00      0.00      0.00 loop0
05:07:46         0.20      0.00      2.40      0.00     12.00      0.00      1.50      0.03 sda
05:07:46         0.00      0.00      0.00      0.00      0.00      0.00      0.00      0.00 sda1
05:07:46         0.20      0.00      2.40      0.00     12.00      0.00      1.50      0.03 sda2
05:07:56         0.00      0.00      0.00      0.00      0.00      0.00      0.00      0.00 loop0
05:07:56         0.40      0.00      2.00      0.00      5.00      0.00      1.50      0.04 sda
05:07:56         0.00      0.00      0.00      0.00      0.00      0.00      0.00      0.00 sda1
05:07:56         0.40      0.00      2.00      0.00      5.00      0.00      1.50      0.04 sda2
05:08:06         0.00      0.00      0.00      0.00      0.00      0.00      0.00      0.00 loop0
05:08:06         0.40      0.00      2.40      0.00      6.00      0.00      0.75      0.02 sda
05:08:06         0.00      0.00      0.00      0.00      0.00      0.00      0.00      0.00 sda1
05:08:06         0.40      0.00      2.40      0.00      6.00      0.00      0.75      0.02 sda2
05:08:16         0.00      0.00      0.00      0.00      0.00      0.00      0.00      0.00 loop0
05:08:16         0.30      0.00      4.00      0.00     13.33      0.00      2.33      0.05 sda
05:08:16         0.00      0.00      0.00      0.00      0.00      0.00      0.00      0.00 sda1
05:08:16         0.30      0.00      4.00      0.00     13.33      0.00      2.33      0.05 sda2
05:08:26         0.00      0.00      0.00      0.00      0.00      0.00      0.00      0.00 loop0
05:08:26         0.40      0.00      2.00      0.00      5.00      0.00      1.75      0.05 sda
05:08:26         0.00      0.00      0.00      0.00      0.00      0.00      0.00      0.00 sda1
05:08:26         0.40      0.00      2.00      0.00      5.00      0.00      1.75      0.05 sda2
05:08:36         0.00      0.00      0.00      0.00      0.00      0.00      0.00      0.00 loop0
05:08:36         0.20      0.00      1.20      0.00      6.00      0.00      1.00      0.02 sda
05:08:36         0.00      0.00      0.00      0.00      0.00      0.00      0.00      0.00 sda1
05:08:36         0.20      0.00      1.20      0.00      6.00      0.00      1.00      0.02 sda2
05:08:46         0.00      0.00      0.00      0.00      0.00      0.00      0.00      0.00 loop0
05:08:46         0.30      0.00      4.00      0.00     13.33      0.00      1.67      0.04 sda
05:08:46         0.00      0.00      0.00      0.00      0.00      0.00      0.00      0.00 sda1
05:08:46         0.30      0.00      4.00      0.00     13.33      0.00      1.67      0.04 sda2
05:08:56         0.00      0.00      0.00      0.00      0.00      0.00      0.00      0.00 loop0
05:08:56         0.40      0.00      2.00      0.00      5.00      0.00      0.50      0.01 sda
05:08:56         0.00      0.00      0.00      0.00      0.00      0.00      0.00      0.00 sda1
05:08:56         0.40      0.00      2.00      0.00      5.00      0.00      0.50      0.01 sda2
05:09:06         0.00      0.00      0.00      0.00      0.00      0.00      0.00      0.00 loop0
05:09:06         0.20      0.00      1.20      0.00      6.00      0.00      1.00      0.01 sda
05:09:06         0.00      0.00      0.00      0.00      0.00      0.00      0.00      0.00 sda1
05:09:06         0.20      0.00      1.20      0.00      6.00      0.00      1.00      0.01 sda2
05:09:16         0.00      0.00      0.00      0.00      0.00      0.00      0.00      0.00 loop0
05:09:16         0.70      0.00      6.00      0.00      8.57      0.00      0.71      0.03 sda
05:09:16         0.00      0.00      0.00      0.00      0.00      0.00      0.00      0.00 sda1
05:09:16         0.70      0.00      6.00      0.00      8.57      0.00      0.71      0.03 sda2
05:09:26         0.00      0.00      0.00      0.00      0.00      0.00      0.00      0.00 loop0
05:09:26         0.20      0.00      1.20      0.00      6.00      0.00      1.50      0.03 sda
05:09:26         0.00      0.00      0.00      0.00      0.00      0.00      0.00      0.00 sda1
05:09:26         0.20      0.00      1.20      0.00      6.00      0.00      1.50      0.03 sda2
05:09:36         0.00      0.00      0.00      0.00      0.00      0.00      0.00      0.00 loop0
05:09:36         0.20      0.00      1.20      0.00      6.00      0.00      1.00      0.02 sda
05:09:36         0.00      0.00      0.00      0.00      0.00      0.00      0.00      0.00 sda1
05:09:36         0.20      0.00      1.20      0.00      6.00      0.00      1.00      0.02 sda2
05:09:46         0.00      0.00      0.00      0.00      0.00      0.00      0.00      0.00 loop0
05:09:46         0.30      0.00      3.60      0.00     12.00      0.00      0.67      0.02 sda
05:09:46         0.00      0.00      0.00      0.00      0.00      0.00      0.00      0.00 sda1
05:09:46         0.30      0.00      3.60      0.00     12.00      0.00      0.67      0.02 sda2
05:09:56         0.00      0.00      0.00      0.00      0.00      0.00      0.00      0.00 loop0
05:09:56         0.40      0.00      2.00      0.00      5.00      0.00      1.25      0.03 sda
05:09:56         0.00      0.00      0.00      0.00      0.00      0.00      0.00      0.00 sda1
05:09:56         0.40      0.00      2.00      0.00      5.00      0.00      1.25      0.03 sda2
05:10:06         0.00      0.00      0.00      0.00      0.00      0.00      0.00      0.00 loop0
05:10:06         0.40      0.00      2.00      0.00      5.00      0.00      1.25      0.05 sda
05:10:06         0.00      0.00      0.00      0.00      0.00      0.00      0.00      0.00 sda1
05:10:06         0.40      0.00      2.00      0.00      5.00      0.00      1.25      0.05 sda2
05:10:16         0.00      0.00      0.00      0.00      0.00      0.00      0.00      0.00 loop0
05:10:16         0.70      0.00      6.39      0.00      9.14      0.00      0.71      0.05 sda
05:10:16         0.00      0.00      0.00      0.00      0.00      0.00      0.00      0.00 sda1
05:10:16         0.70      0.00      6.39      0.00      9.14      0.00      0.71      0.05 sda2
05:10:26         0.00      0.00      0.00      0.00      0.00      0.00      0.00      0.00 loop0
05:10:26         0.70      0.00      4.80      0.00      6.86      0.00      1.71      0.05 sda
05:10:26         0.00      0.00      0.00      0.00      0.00      0.00      0.00      0.00 sda1
05:10:26         0.70      0.00      4.80      0.00      6.86      0.00      1.71      0.05 sda2
05:10:36         0.00      0.00      0.00      0.00      0.00      0.00      0.00      0.00 loop0
05:10:36         2.80      0.00     16.80      0.00      6.00      0.00      0.68      0.05 sda
05:10:36         0.00      0.00      0.00      0.00      0.00      0.00      0.00      0.00 sda1
05:10:36         2.80      0.00     16.80      0.00      6.00      0.00      0.68      0.05 sda2
05:10:46         0.00      0.00      0.00      0.00      0.00      0.00      0.00      0.00 loop0
05:10:46         0.30      0.00      4.00      0.00     13.33      0.00      1.33      0.02 sda
05:10:46         0.00      0.00      0.00      0.00      0.00      0.00      0.00      0.00 sda1
05:10:46         0.30      0.00      4.00      0.00     13.33      0.00      1.33      0.02 sda2
05:10:56         0.00      0.00      0.00      0.00      0.00      0.00      0.00      0.00 loop0
05:10:56         0.70      0.00      3.60      0.00      5.14      0.00      2.14      0.05 sda
05:10:56         0.00      0.00      0.00      0.00      0.00      0.00      0.00      0.00 sda1
05:10:56         0.70      0.00      3.60      0.00      5.14      0.00      2.14      0.05 sda2
05:11:06         0.00      0.00      0.00      0.00      0.00      0.00      0.00      0.00 loop0
05:11:06         3.80    126.00      1.20      0.00     33.47      0.00      0.76      0.58 sda
05:11:06         0.00      0.00      0.00      0.00      0.00      0.00      0.00      0.00 sda1
05:11:06         3.80    126.00      1.20      0.00     33.47      0.00      0.74      0.58 sda2
05:11:16         0.00      0.00      0.00      0.00      0.00      0.00      0.00      0.00 loop0
05:11:16         1.70     12.00     24.40      0.00     21.41      0.00      0.76      0.23 sda
05:11:16         0.00      0.00      0.00      0.00      0.00      0.00      0.00      0.00 sda1
05:11:16         1.70     12.00     24.40      0.00     21.41      0.00      0.82      0.23 sda2
05:11:26         0.00      0.00      0.00      0.00      0.00      0.00      0.00      0.00 loop0
05:11:26         3.10      0.00     15.60      0.00      5.03      0.01      1.55      0.10 sda
05:11:26         0.00      0.00      0.00      0.00      0.00      0.00      0.00      0.00 sda1
05:11:26         3.10      0.00     15.60      0.00      5.03      0.00      1.55      0.10 sda2
05:11:36         0.00      0.00      0.00      0.00      0.00      0.00      0.00      0.00 loop0
05:11:36         3.40      0.00     19.60      0.00      5.76      0.00      0.94      0.10 sda
05:11:36         0.00      0.00      0.00      0.00      0.00      0.00      0.00      0.00 sda1
05:11:36         3.40      0.00     19.60      0.00      5.76      0.00      0.94      0.10 sda2
05:11:46         0.00      0.00      0.00      0.00      0.00      0.00      0.00      0.00 loop0
05:11:46         0.50      0.00      4.00      0.00      8.00      0.00      1.40      0.05 sda
05:11:46         0.00      0.00      0.00      0.00      0.00      0.00      0.00      0.00 sda1
05:11:46         0.50      0.00      4.00      0.00      8.00      0.00      1.40      0.05 sda2
05:11:56         0.00      0.00      0.00      0.00      0.00      0.00      0.00      0.00 loop0
05:11:56         0.50      0.00      3.60      0.00      7.20      0.00      0.80      0.02 sda
05:11:56         0.00      0.00      0.00      0.00      0.00      0.00      0.00      0.00 sda1
05:11:56         0.50      0.00      3.60      0.00      7.20      0.00      0.80      0.02 sda2
05:12:06         0.00      0.00      0.00      0.00      0.00      0.00      0.00      0.00 loop0
05:12:06         0.20      0.00      1.20      0.00      6.00      0.00      0.50      0.00 sda
05:12:06         0.00      0.00      0.00      0.00      0.00      0.00      0.00      0.00 sda1
05:12:06         0.20      0.00      1.20      0.00      6.00      0.00      0.50      0.00 sda2
05:12:16         0.00      0.00      0.00      0.00      0.00      0.00      0.00      0.00 loop0
05:12:16         0.30      0.00      2.80      0.00      9.33      0.00      1.00      0.02 sda
05:12:16         0.00      0.00      0.00      0.00      0.00      0.00      0.00      0.00 sda1
05:12:16         0.30      0.00      2.80      0.00      9.33      0.00      1.00      0.02 sda2
05:12:26         0.00      0.00      0.00      0.00      0.00      0.00      0.00      0.00 loop0
05:12:26         0.50      0.00      3.60      0.00      7.20      0.00      0.60      0.02 sda
05:12:26         0.00      0.00      0.00      0.00      0.00      0.00      0.00      0.00 sda1
05:12:26         0.50      0.00      3.60      0.00      7.20      0.00      0.60      0.02 sda2
05:12:36         0.00      0.00      0.00      0.00      0.00      0.00      0.00      0.00 loop0
05:12:36         0.20      0.00      1.20      0.00      6.00      0.00      1.00      0.02 sda
05:12:36         0.00      0.00      0.00      0.00      0.00      0.00      0.00      0.00 sda1
05:12:36         0.20      0.00      1.20      0.00      6.00      0.00      1.00      0.02 sda2
05:12:46         0.00      0.00      0.00      0.00      0.00      0.00      0.00      0.00 loop0
05:12:46         0.40      0.00      3.20      0.00      8.00      0.00      0.75      0.02 sda
05:12:46         0.00      0.00      0.00      0.00      0.00      0.00      0.00      0.00 sda1
05:12:46         0.40      0.00      3.20      0.00      8.00      0.00      0.75      0.02 sda2
05:12:56         0.00      0.00      0.00      0.00      0.00      0.00      0.00      0.00 loop0
05:12:56         0.50      0.00      3.60      0.00      7.20      0.00      0.60      0.02 sda
05:12:56         0.00      0.00      0.00      0.00      0.00      0.00      0.00      0.00 sda1
05:12:56         0.50      0.00      3.60      0.00      7.20      0.00      0.60      0.02 sda2
05:13:06         0.00      0.00      0.00      0.00      0.00      0.00      0.00      0.00 loop0
05:13:06         0.20      0.00      1.20      0.00      6.00      0.00      1.00      0.01 sda
05:13:06         0.00      0.00      0.00      0.00      0.00      0.00      0.00      0.00 sda1
05:13:06         0.20      0.00      1.20      0.00      6.00      0.00      1.00      0.01 sda2
05:13:16         0.00      0.00      0.00      0.00      0.00      0.00      0.00      0.00 loop0
05:13:16         0.30      0.00      2.80      0.00      9.33      0.00      0.67      0.02 sda
05:13:16         0.00      0.00      0.00      0.00      0.00      0.00      0.00      0.00 sda1
05:13:16         0.30      0.00      2.80      0.00      9.33      0.00      0.67      0.02 sda2
05:13:26         0.00      0.00      0.00      0.00      0.00      0.00      0.00      0.00 loop0
05:13:26         0.50      0.00      3.60      0.00      7.20      0.00      0.60      0.03 sda
05:13:26         0.00      0.00      0.00      0.00      0.00      0.00      0.00      0.00 sda1
05:13:26         0.50      0.00      3.60      0.00      7.20      0.00      0.60      0.03 sda2
05:13:36         0.00      0.00      0.00      0.00      0.00      0.00      0.00      0.00 loop0
05:13:36         0.20      0.00      1.20      0.00      6.00      0.00      1.50      0.02 sda
05:13:36         0.00      0.00      0.00      0.00      0.00      0.00      0.00      0.00 sda1
05:13:36         0.20      0.00      1.20      0.00      6.00      0.00      1.50      0.02 sda2
05:13:46         0.00      0.00      0.00      0.00      0.00      0.00      0.00      0.00 loop0
05:13:46         0.30      0.00      2.80      0.00      9.33      0.00      1.00      0.03 sda
05:13:46         0.00      0.00      0.00      0.00      0.00      0.00      0.00      0.00 sda1
05:13:46         0.30      0.00      2.80      0.00      9.33      0.00      1.00      0.03 sda2
05:13:56         0.00      0.00      0.00      0.00      0.00      0.00      0.00      0.00 loop0
05:13:56         0.60      0.00      4.40      0.00      7.33      0.00      0.67      0.02 sda
05:13:56         0.00      0.00      0.00      0.00      0.00      0.00      0.00      0.00 sda1
05:13:56         0.60      0.00      4.40      0.00      7.33      0.00      0.67      0.02 sda2
05:14:06         0.00      0.00      0.00      0.00      0.00      0.00      0.00      0.00 loop0
05:14:06         0.20      0.00      1.20      0.00      6.00      0.00      1.00      0.02 sda
05:14:06         0.00      0.00      0.00      0.00      0.00      0.00      0.00      0.00 sda1
05:14:06         0.20      0.00      1.20      0.00      6.00      0.00      1.00      0.02 sda2
05:14:16         0.00      0.00      0.00      0.00      0.00      0.00      0.00      0.00 loop0
05:14:16         0.30      0.00      2.80      0.00      9.33      0.00      1.00      0.02 sda
05:14:16         0.00      0.00      0.00      0.00      0.00      0.00      0.00      0.00 sda1
05:14:16         0.30      0.00      2.80      0.00      9.33      0.00      1.00      0.02 sda2
05:14:26         0.00      0.00      0.00      0.00      0.00      0.00      0.00      0.00 loop0
05:14:26         0.50      0.00      3.60      0.00      7.20      0.00      0.60      0.01 sda
05:14:26         0.00      0.00      0.00      0.00      0.00      0.00      0.00      0.00 sda1
05:14:26         0.50      0.00      3.60      0.00      7.20      0.00      0.60      0.01 sda2
05:14:36         0.00      0.00      0.00      0.00      0.00      0.00      0.00      0.00 loop0
05:14:36         0.20      0.00      1.20      0.00      6.00      0.00      1.50      0.03 sda
05:14:36         0.00      0.00      0.00      0.00      0.00      0.00      0.00      0.00 sda1
05:14:36         0.20      0.00      1.20      0.00      6.00      0.00      1.50      0.03 sda2
05:14:46         0.00      0.00      0.00      0.00      0.00      0.00      0.00      0.00 loop0
05:14:46         0.30      0.00      2.40      0.00      8.00      0.00      1.67      0.03 sda
05:14:46         0.00      0.00      0.00      0.00      0.00      0.00      0.00      0.00 sda1
05:14:46         0.30      0.00      2.40      0.00      8.00      0.00      1.67      0.03 sda2
05:14:56         0.00      0.00      0.00      0.00      0.00      0.00      0.00      0.00 loop0
05:14:56         0.20      0.00      2.40      0.00     12.00      0.00      1.00      0.03 sda
05:14:56         0.00      0.00      0.00      0.00      0.00      0.00      0.00      0.00 sda1
05:14:56         0.20      0.00      2.40      0.00     12.00      0.00      1.00      0.03 sda2
05:15:06         0.00      0.00      0.00      0.00      0.00      0.00      0.00      0.00 loop0
05:15:06         0.60      0.00      3.20      0.00      5.33      0.00      0.83      0.03 sda
05:15:06         0.00      0.00      0.00      0.00      0.00      0.00      0.00      0.00 sda1
05:15:06         0.60      0.00      3.20      0.00      5.33      0.00      0.83      0.03 sda2
05:15:16         0.00      0.00      0.00      0.00      0.00      0.00      0.00      0.00 loop0
05:15:16         4.40      0.00     27.60      0.00      6.27      0.01      1.05      0.12 sda
05:15:16         0.00      0.00      0.00      0.00      0.00      0.00      0.00      0.00 sda1
05:15:16         4.40      0.00     27.60      0.00      6.27      0.00      1.05      0.12 sda2
05:15:26         0.00      0.00      0.00      0.00      0.00      0.00      0.00      0.00 loop0
05:15:26         0.30      0.00      4.40      0.00     14.67      0.00      1.00      0.02 sda
05:15:26         0.00      0.00      0.00      0.00      0.00      0.00      0.00      0.00 sda1
05:15:26         0.30      0.00      4.40      0.00     14.67      0.00      1.00      0.02 sda2
05:15:36         0.00      0.00      0.00      0.00      0.00      0.00      0.00      0.00 loop0
05:15:36         0.20      0.00      1.20      0.00      6.00      0.00      2.50      0.05 sda
05:15:36         0.00      0.00      0.00      0.00      0.00      0.00      0.00      0.00 sda1
05:15:36         0.20      0.00      1.20      0.00      6.00      0.00      2.50      0.05 sda2
05:15:46         0.00      0.00      0.00      0.00      0.00      0.00      0.00      0.00 loop0
05:15:46         1.10      0.00      4.80      0.00      4.36      0.00      1.73      0.05 sda
05:15:46         0.00      0.00      0.00      0.00      0.00      0.00      0.00      0.00 sda1
05:15:46         1.10      0.00      4.80      0.00      4.36      0.00      1.73      0.05 sda2
05:15:56         0.00      0.00      0.00      0.00      0.00      0.00      0.00      0.00 loop0
05:15:56         0.30      0.00      3.60      0.00     12.00      0.00      1.00      0.02 sda
05:15:56         0.00      0.00      0.00      0.00      0.00      0.00      0.00      0.00 sda1
05:15:56         0.30      0.00      3.60      0.00     12.00      0.00      1.00      0.02 sda2
05:16:06         0.00      0.00      0.00      0.00      0.00      0.00      0.00      0.00 loop0
05:16:06         0.20      0.00      1.20      0.00      6.00      0.00      1.00      0.02 sda
05:16:06         0.00      0.00      0.00      0.00      0.00      0.00      0.00      0.00 sda1
05:16:06         0.20      0.00      1.20      0.00      6.00      0.00      1.00      0.02 sda2
05:16:16         0.00      0.00      0.00      0.00      0.00      0.00      0.00      0.00 loop0
05:16:16         0.20      0.00      1.60      0.00      8.00      0.00      1.50      0.02 sda
05:16:16         0.00      0.00      0.00      0.00      0.00      0.00      0.00      0.00 sda1
05:16:16         0.20      0.00      1.60      0.00      8.00      0.00      1.50      0.02 sda2
05:16:26         0.00      0.00      0.00      0.00      0.00      0.00      0.00      0.00 loop0
05:16:26         0.70      0.00      5.60      0.00      8.00      0.00      0.71      0.04 sda
05:16:26         0.00      0.00      0.00      0.00      0.00      0.00      0.00      0.00 sda1
05:16:26         0.70      0.00      5.60      0.00      8.00      0.00      0.71      0.04 sda2
05:16:36         0.00      0.00      0.00      0.00      0.00      0.00      0.00      0.00 loop0
05:16:36         0.20      0.00      1.20      0.00      6.00      0.00      1.50      0.02 sda
05:16:36         0.00      0.00      0.00      0.00      0.00      0.00      0.00      0.00 sda1
05:16:36         0.20      0.00      1.20      0.00      6.00      0.00      1.50      0.02 sda2
05:16:46         0.00      0.00      0.00      0.00      0.00      0.00      0.00      0.00 loop0
05:16:46         0.20      0.00      1.20      0.00      6.00      0.00      1.00      0.02 sda
05:16:46         0.00      0.00      0.00      0.00      0.00      0.00      0.00      0.00 sda1
05:16:46         0.20      0.00      1.20      0.00      6.00      0.00      1.00      0.02 sda2
05:16:56         0.00      0.00      0.00      0.00      0.00      0.00      0.00      0.00 loop0
05:16:56         0.30      0.00      4.00      0.00     13.33      0.00      1.00      0.02 sda
05:16:56         0.00      0.00      0.00      0.00      0.00      0.00      0.00      0.00 sda1
05:16:56         0.30      0.00      4.00      0.00     13.33      0.00      1.00      0.02 sda2
05:17:06         0.00      0.00      0.00      0.00      0.00      0.00      0.00      0.00 loop0
05:17:06         0.60      0.40      4.80      0.00      8.67      0.00      1.33      0.09 sda
05:17:06         0.00      0.00      0.00      0.00      0.00      0.00      0.00      0.00 sda1
05:17:06         0.60      0.40      4.80      0.00      8.67      0.00      1.33      0.09 sda2
05:17:16         0.00      0.00      0.00      0.00      0.00      0.00      0.00      0.00 loop0
05:17:16         0.40      0.00      4.80      0.00     12.00      0.00      0.75      0.03 sda
05:17:16         0.00      0.00      0.00      0.00      0.00      0.00      0.00      0.00 sda1
05:17:16         0.40      0.00      4.80      0.00     12.00      0.00      0.75      0.03 sda2
05:17:26         0.00      0.00      0.00      0.00      0.00      0.00      0.00      0.00 loop0
05:17:26         0.30      0.00      4.40      0.00     14.67      0.00      1.00      0.02 sda
05:17:26         0.00      0.00      0.00      0.00      0.00      0.00      0.00      0.00 sda1
05:17:26         0.30      0.00      4.40      0.00     14.67      0.00      1.00      0.02 sda2
05:17:36         0.00      0.00      0.00      0.00      0.00      0.00      0.00      0.00 loop0
05:17:36         3.20      0.00     18.80      0.00      5.88      0.00      0.66      0.05 sda
05:17:36         0.00      0.00      0.00      0.00      0.00      0.00      0.00      0.00 sda1
05:17:36         3.20      0.00     18.80      0.00      5.88      0.00      0.66      0.05 sda2
05:17:46         0.00      0.00      0.00      0.00      0.00      0.00      0.00      0.00 loop0
05:17:46         1.00      0.00      4.80      0.00      4.80      0.00      0.90      0.04 sda
05:17:46         0.00      0.00      0.00      0.00      0.00      0.00      0.00      0.00 sda1
05:17:46         1.00      0.00      4.80      0.00      4.80      0.00      0.90      0.04 sda2
05:17:56         0.00      0.00      0.00      0.00      0.00      0.00      0.00      0.00 loop0
05:17:56         0.30      0.00      3.60      0.00     12.00      0.00      1.00      0.02 sda
05:17:56         0.00      0.00      0.00      0.00      0.00      0.00      0.00      0.00 sda1
05:17:56         0.30      0.00      3.60      0.00     12.00      0.00      1.00      0.02 sda2
05:18:06         0.00      0.00      0.00      0.00      0.00      0.00      0.00      0.00 loop0
05:18:06         0.20      0.00      1.20      0.00      6.00      0.00      0.50      0.02 sda
05:18:06         0.00      0.00      0.00      0.00      0.00      0.00      0.00      0.00 sda1
05:18:06         0.20      0.00      1.20      0.00      6.00      0.00      0.50      0.02 sda2
05:18:16         0.00      0.00      0.00      0.00      0.00      0.00      0.00      0.00 loop0
05:18:16         0.50      0.00      2.40      0.00      4.80      0.00      1.60      0.04 sda
05:18:16         0.00      0.00      0.00      0.00      0.00      0.00      0.00      0.00 sda1
05:18:16         0.50      0.00      2.40      0.00      4.80      0.00      1.60      0.04 sda2
05:18:26         0.00      0.00      0.00      0.00      0.00      0.00      0.00      0.00 loop0
05:18:26         0.30      0.00      4.00      0.00     13.33      0.00      0.67      0.02 sda
05:18:26         0.00      0.00      0.00      0.00      0.00      0.00      0.00      0.00 sda1
05:18:26         0.30      0.00      4.00      0.00     13.33      0.00      0.67      0.02 sda2
05:18:36         0.00      0.00      0.00      0.00      0.00      0.00      0.00      0.00 loop0
05:18:36         0.20      0.00      1.60      0.00      8.00      0.00      1.00      0.02 sda
05:18:36         0.00      0.00      0.00      0.00      0.00      0.00      0.00      0.00 sda1
05:18:36         0.20      0.00      1.60      0.00      8.00      0.00      1.00      0.02 sda2
05:18:46         0.00      0.00      0.00      0.00      0.00      0.00      0.00      0.00 loop0
05:18:46         0.60      0.00      2.80      0.00      4.67      0.00      1.17      0.05 sda
05:18:46         0.00      0.00      0.00      0.00      0.00      0.00      0.00      0.00 sda1
05:18:46         0.60      0.00      2.80      0.00      4.67      0.00      1.17      0.05 sda2
05:18:56         0.00      0.00      0.00      0.00      0.00      0.00      0.00      0.00 loop0
05:18:56         0.30      0.00      2.80      0.00      9.33      0.00      1.00      0.02 sda
05:18:56         0.00      0.00      0.00      0.00      0.00      0.00      0.00      0.00 sda1
05:18:56         0.30      0.00      2.80      0.00      9.33      0.00      1.00      0.02 sda2
05:19:06         0.00      0.00      0.00      0.00      0.00      0.00      0.00      0.00 loop0
05:19:06         0.20      0.00      2.40      0.00     12.00      0.00      1.50      0.03 sda
05:19:06         0.00      0.00      0.00      0.00      0.00      0.00      0.00      0.00 sda1
05:19:06         0.20      0.00      2.40      0.00     12.00      0.00      1.50      0.03 sda2
05:19:16         0.00      0.00      0.00      0.00      0.00      0.00      0.00      0.00 loop0
05:19:16         0.20      0.00      1.20      0.00      6.00      0.00      1.00      0.01 sda
05:19:16         0.00      0.00      0.00      0.00      0.00      0.00      0.00      0.00 sda1
05:19:16         0.20      0.00      1.20      0.00      6.00      0.00      1.00      0.01 sda2
05:19:26         0.00      0.00      0.00      0.00      0.00      0.00      0.00      0.00 loop0
05:19:26         0.30      0.00      2.40      0.00      8.00      0.00      0.67      0.02 sda
05:19:26         0.00      0.00      0.00      0.00      0.00      0.00      0.00      0.00 sda1
05:19:26         0.30      0.00      2.40      0.00      8.00      0.00      0.67      0.02 sda2
05:19:36         0.00      0.00      0.00      0.00      0.00      0.00      0.00      0.00 loop0
05:19:36         0.50      0.00      3.60      0.00      7.20      0.00      0.80      0.02 sda
05:19:36         0.00      0.00      0.00      0.00      0.00      0.00      0.00      0.00 sda1
05:19:36         0.50      0.00      3.60      0.00      7.20      0.00      0.80      0.02 sda2
05:19:46         0.00      0.00      0.00      0.00      0.00      0.00      0.00      0.00 loop0
05:19:46         0.20      0.00      1.60      0.00      8.00      0.00      1.00      0.02 sda
05:19:46         0.00      0.00      0.00      0.00      0.00      0.00      0.00      0.00 sda1
05:19:46         0.20      0.00      1.60      0.00      8.00      0.00      1.00      0.02 sda2
05:19:56         0.00      0.00      0.00      0.00      0.00      0.00      0.00      0.00 loop0
05:19:56         0.30      0.00      2.80      0.00      9.33      0.00      1.33      0.03 sda
05:19:56         0.00      0.00      0.00      0.00      0.00      0.00      0.00      0.00 sda1
05:19:56         0.30      0.00      2.80      0.00      9.33      0.00      1.33      0.03 sda2
05:20:06         0.00      0.00      0.00      0.00      0.00      0.00      0.00      0.00 loop0
05:20:06         0.40      0.00      3.20      0.00      8.00      0.00      1.25      0.03 sda
05:20:06         0.00      0.00      0.00      0.00      0.00      0.00      0.00      0.00 sda1
05:20:06         0.40      0.00      3.20      0.00      8.00      0.00      1.25      0.03 sda2
05:20:16         0.00      0.00      0.00      0.00      0.00      0.00      0.00      0.00 loop0
05:20:16         1.10      0.00      8.00      0.00      7.27      0.00      0.91      0.03 sda
05:20:16         0.00      0.00      0.00      0.00      0.00      0.00      0.00      0.00 sda1
05:20:16         1.10      0.00      8.00      0.00      7.27      0.00      0.91      0.03 sda2
05:20:26         0.00      0.00      0.00      0.00      0.00      0.00      0.00      0.00 loop0
05:20:26         0.30      0.00      2.80      0.00      9.33      0.00      0.67      0.02 sda
05:20:26         0.00      0.00      0.00      0.00      0.00      0.00      0.00      0.00 sda1
05:20:26         0.30      0.00      2.80      0.00      9.33      0.00      0.67      0.02 sda2
05:20:36         0.00      0.00      0.00      0.00      0.00      0.00      0.00      0.00 loop0
05:20:36         2.90      0.00     18.00      0.00      6.21      0.00      0.93      0.08 sda
05:20:36         0.00      0.00      0.00      0.00      0.00      0.00      0.00      0.00 sda1
05:20:36         2.90      0.00     18.00      0.00      6.21      0.00      0.93      0.08 sda2
05:20:46         0.00      0.00      0.00      0.00      0.00      0.00      0.00      0.00 loop0
05:20:46         0.20      0.00      1.20      0.00      6.00      0.00      1.00      0.02 sda
05:20:46         0.00      0.00      0.00      0.00      0.00      0.00      0.00      0.00 sda1
05:20:46         0.20      0.00      1.20      0.00      6.00      0.00      1.00      0.02 sda2
05:20:56         0.00      0.00      0.00      0.00      0.00      0.00      0.00      0.00 loop0
05:20:56         0.70      0.00      4.40      0.00      6.29      0.00      0.57      0.02 sda
05:20:56         0.00      0.00      0.00      0.00      0.00      0.00      0.00      0.00 sda1
05:20:56         0.70      0.00      4.40      0.00      6.29      0.00      0.57      0.02 sda2
05:21:06         0.00      0.00      0.00      0.00      0.00      0.00      0.00      0.00 loop0
05:21:06         0.20      0.00      2.40      0.00     12.00      0.00      1.00      0.01 sda
05:21:06         0.00      0.00      0.00      0.00      0.00      0.00      0.00      0.00 sda1
05:21:06         0.20      0.00      2.40      0.00     12.00      0.00      1.00      0.01 sda2
05:21:16         0.00      0.00      0.00      0.00      0.00      0.00      0.00      0.00 loop0
05:21:16         0.20      0.00      1.20      0.00      6.00      0.00      2.50      0.04 sda
05:21:16         0.00      0.00      0.00      0.00      0.00      0.00      0.00      0.00 sda1
05:21:16         0.20      0.00      1.20      0.00      6.00      0.00      2.50      0.04 sda2
05:21:26         0.00      0.00      0.00      0.00      0.00      0.00      0.00      0.00 loop0
05:21:26         0.30      0.00      2.80      0.00      9.33      0.00      1.67      0.04 sda
05:21:26         0.00      0.00      0.00      0.00      0.00      0.00      0.00      0.00 sda1
05:21:26         0.30      0.00      2.80      0.00      9.33      0.00      1.67      0.04 sda2
05:21:36         0.00      0.00      0.00      0.00      0.00      0.00      0.00      0.00 loop0
05:21:36         0.50      0.00      3.60      0.00      7.20      0.00      0.80      0.03 sda
05:21:36         0.00      0.00      0.00      0.00      0.00      0.00      0.00      0.00 sda1
05:21:36         0.50      0.00      3.60      0.00      7.20      0.00      0.80      0.03 sda2
05:21:46         0.00      0.00      0.00      0.00      0.00      0.00      0.00      0.00 loop0
05:21:46         0.20      0.00      1.20      0.00      6.00      0.00      1.00      0.01 sda
05:21:46         0.00      0.00      0.00      0.00      0.00      0.00      0.00      0.00 sda1
05:21:46         0.20      0.00      1.20      0.00      6.00      0.00      1.00      0.01 sda2
05:21:56         0.00      0.00      0.00      0.00      0.00      0.00      0.00      0.00 loop0
05:21:56         0.30      0.00      2.80      0.00      9.33      0.00      1.67      0.04 sda
05:21:56         0.00      0.00      0.00      0.00      0.00      0.00      0.00      0.00 sda1
05:21:56         0.30      0.00      2.80      0.00      9.33      0.00      1.67      0.04 sda2
05:22:06         0.00      0.00      0.00      0.00      0.00      0.00      0.00      0.00 loop0
05:22:06         0.60      0.00      4.40      0.00      7.33      0.00      1.17      0.06 sda
05:22:06         0.00      0.00      0.00      0.00      0.00      0.00      0.00      0.00 sda1
05:22:06         0.60      0.00      4.40      0.00      7.33      0.00      1.17      0.06 sda2
05:22:16         0.00      0.00      0.00      0.00      0.00      0.00      0.00      0.00 loop0
05:22:16         0.70      0.00      3.20      0.00      4.57      0.00      1.14      0.06 sda
05:22:16         0.00      0.00      0.00      0.00      0.00      0.00      0.00      0.00 sda1
05:22:16         0.70      0.00      3.20      0.00      4.57      0.00      1.14      0.06 sda2
05:22:26         0.00      0.00      0.00      0.00      0.00      0.00      0.00      0.00 loop0
05:22:26         0.20      0.00      1.20      0.00      6.00      0.00      1.00      0.01 sda
05:22:26         0.00      0.00      0.00      0.00      0.00      0.00      0.00      0.00 sda1
05:22:26         0.20      0.00      1.20      0.00      6.00      0.00      1.00      0.01 sda2
05:22:36         0.00      0.00      0.00      0.00      0.00      0.00      0.00      0.00 loop0
05:22:36         0.30      0.00      4.00      0.00     13.33      0.00      1.00      0.02 sda
05:22:36         0.00      0.00      0.00      0.00      0.00      0.00      0.00      0.00 sda1
05:22:36         0.30      0.00      4.00      0.00     13.33      0.00      1.00      0.02 sda2
05:22:46         0.00      0.00      0.00      0.00      0.00      0.00      0.00      0.00 loop0
05:22:46         0.20      0.00      1.20      0.00      6.00      0.00      1.00      0.02 sda
05:22:46         0.00      0.00      0.00      0.00      0.00      0.00      0.00      0.00 sda1
05:22:46         0.20      0.00      1.20      0.00      6.00      0.00      1.00      0.02 sda2
05:22:56         0.00      0.00      0.00      0.00      0.00      0.00      0.00      0.00 loop0
05:22:56         0.50      0.00      2.40      0.00      4.80      0.00      0.60      0.02 sda
05:22:56         0.00      0.00      0.00      0.00      0.00      0.00      0.00      0.00 sda1
05:22:56         0.50      0.00      2.40      0.00      4.80      0.00      0.60      0.02 sda2
05:23:06         0.00      0.00      0.00      0.00      0.00      0.00      0.00      0.00 loop0
05:23:06         0.30      0.00      4.00      0.00     13.33      0.00      1.33      0.02 sda
05:23:06         0.00      0.00      0.00      0.00      0.00      0.00      0.00      0.00 sda1
05:23:06         0.30      0.00      4.00      0.00     13.33      0.00      1.33      0.02 sda2
05:23:16         0.00      0.00      0.00      0.00      0.00      0.00      0.00      0.00 loop0
05:23:16         0.20      0.00      1.60      0.00      8.00      0.00      1.00      0.02 sda
05:23:16         0.00      0.00      0.00      0.00      0.00      0.00      0.00      0.00 sda1
05:23:16         0.20      0.00      1.60      0.00      8.00      0.00      1.00      0.02 sda2
05:23:26         0.00      0.00      0.00      0.00      0.00      0.00      0.00      0.00 loop0
05:23:26         0.20      0.00      1.20      0.00      6.00      0.00      1.00      0.02 sda
05:23:26         0.00      0.00      0.00      0.00      0.00      0.00      0.00      0.00 sda1
05:23:26         0.20      0.00      1.20      0.00      6.00      0.00      1.00      0.02 sda2
05:23:36         0.00      0.00      0.00      0.00      0.00      0.00      0.00      0.00 loop0
05:23:36         0.70      0.00      5.60      0.00      8.00      0.00      0.57      0.03 sda
05:23:36         0.00      0.00      0.00      0.00      0.00      0.00      0.00      0.00 sda1
05:23:36         0.70      0.00      5.60      0.00      8.00      0.00      0.57      0.03 sda2
05:23:46         0.00      0.00      0.00      0.00      0.00      0.00      0.00      0.00 loop0
05:23:46         0.20      0.00      1.20      0.00      6.00      0.00      1.50      0.03 sda
05:23:46         0.00      0.00      0.00      0.00      0.00      0.00      0.00      0.00 sda1
05:23:46         0.20      0.00      1.20      0.00      6.00      0.00      1.50      0.03 sda2
05:23:56         0.00      0.00      0.00      0.00      0.00      0.00      0.00      0.00 loop0
05:23:56         0.20      0.00      1.20      0.00      6.00      0.00      1.00      0.02 sda
05:23:56         0.00      0.00      0.00      0.00      0.00      0.00      0.00      0.00 sda1
05:23:56         0.20      0.00      1.20      0.00      6.00      0.00      1.00      0.02 sda2
05:24:06         0.00      0.00      0.00      0.00      0.00      0.00      0.00      0.00 loop0
05:24:06         0.30      0.00      3.60      0.00     12.00      0.00      1.00      0.02 sda
05:24:06         0.00      0.00      0.00      0.00      0.00      0.00      0.00      0.00 sda1
05:24:06         0.30      0.00      3.60      0.00     12.00      0.00      1.00      0.02 sda2
05:24:16         0.00      0.00      0.00      0.00      0.00      0.00      0.00      0.00 loop0
05:24:16         0.50      0.00      2.40      0.00      4.80      0.00      0.80      0.02 sda
05:24:16         0.00      0.00      0.00      0.00      0.00      0.00      0.00      0.00 sda1
05:24:16         0.50      0.00      2.40      0.00      4.80      0.00      0.80      0.02 sda2
05:24:26         0.00      0.00      0.00      0.00      0.00      0.00      0.00      0.00 loop0
05:24:26         0.20      0.00      1.60      0.00      8.00      0.00      1.50      0.02 sda
05:24:26         0.00      0.00      0.00      0.00      0.00      0.00      0.00      0.00 sda1
05:24:26         0.20      0.00      1.60      0.00      8.00      0.00      1.50      0.02 sda2
05:24:36         0.00      0.00      0.00      0.00      0.00      0.00      0.00      0.00 loop0
05:24:36         0.30      0.00      4.00      0.00     13.33      0.00      0.67      0.02 sda
05:24:36         0.00      0.00      0.00      0.00      0.00      0.00      0.00      0.00 sda1
05:24:36         0.30      0.00      4.00      0.00     13.33      0.00      0.67      0.02 sda2
05:24:46         0.00      0.00      0.00      0.00      0.00      0.00      0.00      0.00 loop0
05:24:46         0.20      0.00      1.20      0.00      6.00      0.00      1.00      0.02 sda
05:24:46         0.00      0.00      0.00      0.00      0.00      0.00      0.00      0.00 sda1
05:24:46         0.20      0.00      1.20      0.00      6.00      0.00      1.00      0.02 sda2
05:24:56         0.00      0.00      0.00      0.00      0.00      0.00      0.00      0.00 loop0
05:24:56         0.50      0.00      2.40      0.00      4.80      0.00      2.00      0.05 sda
05:24:56         0.00      0.00      0.00      0.00      0.00      0.00      0.00      0.00 sda1
05:24:56         0.50      0.00      2.40      0.00      4.80      0.00      2.00      0.05 sda2
05:25:06         0.00      0.00      0.00      0.00      0.00      0.00      0.00      0.00 loop0
05:25:06         0.60      0.00      6.80      0.00     11.33      0.00      1.17      0.08 sda
05:25:06         0.00      0.00      0.00      0.00      0.00      0.00      0.00      0.00 sda1
05:25:06         0.60      0.00      6.80      0.00     11.33      0.00      1.17      0.08 sda2
05:25:16         0.00      0.00      0.00      0.00      0.00      0.00      0.00      0.00 loop0
05:25:16         0.40      0.00      4.40      0.00     11.00      0.00      1.25      0.03 sda
05:25:16         0.00      0.00      0.00      0.00      0.00      0.00      0.00      0.00 sda1
05:25:16         0.40      0.00      4.40      0.00     11.00      0.00      1.25      0.03 sda2
05:25:26         0.00      0.00      0.00      0.00      0.00      0.00      0.00      0.00 loop0
05:25:26         1.00      0.00      4.40      0.00      4.40      0.00      2.00      0.05 sda
05:25:26         0.00      0.00      0.00      0.00      0.00      0.00      0.00      0.00 sda1
05:25:26         1.00      0.00      4.40      0.00      4.40      0.00      2.00      0.05 sda2
05:25:36         0.00      0.00      0.00      0.00      0.00      0.00      0.00      0.00 loop0
05:25:36         3.00      0.00     19.60      0.00      6.53      0.00      0.70      0.05 sda
05:25:36         0.00      0.00      0.00      0.00      0.00      0.00      0.00      0.00 sda1
05:25:36         3.00      0.00     19.60      0.00      6.53      0.00      0.70      0.05 sda2
05:25:46         0.00      0.00      0.00      0.00      0.00      0.00      0.00      0.00 loop0
05:25:46         0.20      0.00      2.80      0.00     14.00      0.00      2.50      0.06 sda
05:25:46         0.00      0.00      0.00      0.00      0.00      0.00      0.00      0.00 sda1
05:25:46         0.20      0.00      2.80      0.00     14.00      0.00      2.50      0.06 sda2
05:25:56         0.00      0.00      0.00      0.00      0.00      0.00      0.00      0.00 loop0
05:25:56         0.20      0.00      1.20      0.00      6.00      0.00      1.50      0.03 sda
05:25:56         0.00      0.00      0.00      0.00      0.00      0.00      0.00      0.00 sda1
05:25:56         0.20      0.00      1.20      0.00      6.00      0.00      1.50      0.03 sda2
05:26:06         0.00      0.00      0.00      0.00      0.00      0.00      0.00      0.00 loop0
05:26:06         0.80      0.00      4.40      0.00      5.50      0.00      0.62      0.02 sda
05:26:06         0.00      0.00      0.00      0.00      0.00      0.00      0.00      0.00 sda1
05:26:06         0.80      0.00      4.40      0.00      5.50      0.00      0.62      0.02 sda2
05:26:16         0.00      0.00      0.00      0.00      0.00      0.00      0.00      0.00 loop0
05:26:16         0.20      0.00      2.40      0.00     12.00      0.00      2.50      0.04 sda
05:26:16         0.00      0.00      0.00      0.00      0.00      0.00      0.00      0.00 sda1
05:26:16         0.20      0.00      2.40      0.00     12.00      0.00      2.50      0.04 sda2
05:26:26         0.00      0.00      0.00      0.00      0.00      0.00      0.00      0.00 loop0
05:26:26         0.20      0.00      1.20      0.00      6.00      0.00      2.00      0.04 sda
05:26:26         0.00      0.00      0.00      0.00      0.00      0.00      0.00      0.00 sda1
05:26:26         0.20      0.00      1.20      0.00      6.00      0.00      2.00      0.04 sda2
05:26:36         0.00      0.00      0.00      0.00      0.00      0.00      0.00      0.00 loop0
05:26:36         0.30      0.00      2.80      0.00      9.33      0.00      0.67      0.01 sda
05:26:36         0.00      0.00      0.00      0.00      0.00      0.00      0.00      0.00 sda1
05:26:36         0.30      0.00      2.80      0.00      9.33      0.00      0.67      0.01 sda2
05:26:46         0.00      0.00      0.00      0.00      0.00      0.00      0.00      0.00 loop0
05:26:46         0.20      0.00      2.80      0.00     14.00      0.00      1.00      0.02 sda
05:26:46         0.00      0.00      0.00      0.00      0.00      0.00      0.00      0.00 sda1
05:26:46         0.20      0.00      2.80      0.00     14.00      0.00      1.00      0.02 sda2
05:26:56         0.00      0.00      0.00      0.00      0.00      0.00      0.00      0.00 loop0
05:26:56         0.20      0.00      1.20      0.00      6.00      0.00      1.00      0.02 sda
05:26:56         0.00      0.00      0.00      0.00      0.00      0.00      0.00      0.00 sda1
05:26:56         0.20      0.00      1.20      0.00      6.00      0.00      1.00      0.02 sda2
05:27:06         0.00      0.00      0.00      0.00      0.00      0.00      0.00      0.00 loop0
05:27:06         0.30      0.00      2.40      0.00      8.00      0.00      1.00      0.02 sda
05:27:06         0.00      0.00      0.00      0.00      0.00      0.00      0.00      0.00 sda1
05:27:06         0.30      0.00      2.40      0.00      8.00      0.00      1.00      0.02 sda2
05:27:16         0.00      0.00      0.00      0.00      0.00      0.00      0.00      0.00 loop0
05:27:16         0.60      0.00      4.00      0.00      6.67      0.00      0.67      0.02 sda
05:27:16         0.00      0.00      0.00      0.00      0.00      0.00      0.00      0.00 sda1
05:27:16         0.60      0.00      4.00      0.00      6.67      0.00      0.67      0.02 sda2
05:27:26         0.00      0.00      0.00      0.00      0.00      0.00      0.00      0.00 loop0
05:27:26         0.20      0.00      1.20      0.00      6.00      0.00      1.00      0.02 sda
05:27:26         0.00      0.00      0.00      0.00      0.00      0.00      0.00      0.00 sda1
05:27:26         0.20      0.00      1.20      0.00      6.00      0.00      1.00      0.02 sda2
05:27:36         0.00      0.00      0.00      0.00      0.00      0.00      0.00      0.00 loop0
05:27:36         0.30      0.00      2.80      0.00      9.33      0.00      1.00      0.02 sda
05:27:36         0.00      0.00      0.00      0.00      0.00      0.00      0.00      0.00 sda1
05:27:36         0.30      0.00      2.80      0.00      9.33      0.00      1.00      0.02 sda2
05:27:46         0.00      0.00      0.00      0.00      0.00      0.00      0.00      0.00 loop0
05:27:46         0.20      0.00      2.40      0.00     12.00      0.00      1.50      0.03 sda
05:27:46         0.00      0.00      0.00      0.00      0.00      0.00      0.00      0.00 sda1
05:27:46         0.20      0.00      2.40      0.00     12.00      0.00      1.50      0.03 sda2
05:27:56         0.00      0.00      0.00      0.00      0.00      0.00      0.00      0.00 loop0
05:27:56         0.60      0.00      3.20      0.00      5.33      0.00      0.83      0.03 sda
05:27:56         0.00      0.00      0.00      0.00      0.00      0.00      0.00      0.00 sda1
05:27:56         0.60      0.00      3.20      0.00      5.33      0.00      0.83      0.03 sda2
05:28:06         0.00      0.00      0.00      0.00      0.00      0.00      0.00      0.00 loop0
05:28:06         0.30      0.00      2.80      0.00      9.33      0.00      1.00      0.03 sda
05:28:06         0.00      0.00      0.00      0.00      0.00      0.00      0.00      0.00 sda1
05:28:06         0.30      0.00      2.80      0.00      9.33      0.00      1.00      0.03 sda2
Average:         0.00      0.00      0.00      0.00      0.00      0.00      0.00      0.00 loop0
Average:         0.84     15.08     11.84      0.00     32.13      0.00      1.01      0.05 sda
Average:         0.00      0.00      0.00      0.00      0.00      0.00      0.00      0.00 sda1
Average:         0.84     15.08     11.84      0.00     32.13      0.00      1.01      0.05 sda2
